,TCGA-AO-A03M,TCGA-AO-A03V,TCGA-AO-A0J8,TCGA-AO-A0J9,TCGA-AO-A0JB,TCGA-AO-A0JF,TCGA-AO-A0JI,TCGA-AO-A0JM,TCGA-AO-A12D,TCGA-AO-A12E,TCGA-AO-A12F,TCGA-AO-A12G,TCGA-AR-A1AN,TCGA-AR-A1AQ,TCGA-AR-A1AX,TCGA-AR-A24M,TCGA-AR-A24R,TCGA-AR-A24S,TCGA-AR-A24W,TCGA-AR-A24X,TCGA-AR-A254,TCGA-BH-A0AW,TCGA-BH-A0AZ,TCGA-BH-A0B3,TCGA-BH-A0B5,TCGA-BH-A0B6,TCGA-BH-A0BG,TCGA-BH-A0BJ,TCGA-BH-A0BM,TCGA-BH-A0BQ,TCGA-BH-A0BT,TCGA-BH-A0C0,TCGA-BH-A0DE,TCGA-BH-A0DG,TCGA-BH-A0DH,TCGA-BH-A0DK,TCGA-BH-A0DT,TCGA-BH-A0DV,TCGA-BH-A0DX,TCGA-BH-A0DZ,TCGA-BH-A0E0,TCGA-BH-A0E1,TCGA-BH-A0E2,TCGA-BH-A0E9,TCGA-BH-A0EI,TCGA-BH-A0GY,TCGA-BH-A0GZ,TCGA-BH-A0H3,TCGA-BH-A0H5,TCGA-BH-A0H7,TCGA-BH-A0H9,TCGA-BH-A0HA,TCGA-BH-A0HI,TCGA-BH-A0HX,TCGA-BH-A0HY,TCGA-BH-A0RX,TCGA-BH-A0W3,TCGA-BH-A0W5,TCGA-BH-A18F,TCGA-BH-A18H,TCGA-BH-A18I,TCGA-BH-A202,TCGA-BH-A28Q,TCGA-EW-A1IY,TCGA-EW-A1IZ,TCGA-EW-A1J6,TCGA-EW-A1OZ,TCGA-EW-A1P0,TCGA-EW-A1P3,TCGA-EW-A1P4,TCGA-EW-A1PA,TCGA-EW-A2FR,TCGA-EW-A2FS,TCGA-EW-A3E8
T1C-wavelet-HLL-glcm-Idmn,-0.354451995,-0.50633897,0.332305154,0.292521143,0.589112489,0.016390785,-0.025448631,0.534789698,0.751720456,-0.333808851,0.805252636,0.509388771,0.133485823,0.363845555,-0.279840509,0.399118484,0.189623275,0.231582638,0.9188034,0.08912824,0.453312037,0.515024839,0.740643669,0.41118648,0.705740296,0.367626956,0.191185701,0.46155664,0.872101504,-0.090827639,0.516030517,-0.161902653,-0.769389625,0.206616455,0.600906261,0.763730855,0.19258782,0.131620871,-0.255439586,0.831538656,0.559682395,0.619343409,0.371309619,0.624535086,0.248353019,0.273851336,0.024531401,0.109164131,0.372015679,-0.108351393,0.160269788,0.464476923,0.107571346,0.233136765,0.028575181,-0.034057187,0.013857225,-0.089971558,0.509700944,0.650936229,-0.427810958,0.058711903,0.325366415,0.71447497,-0.200810863,-0.192543917,0.581691623,0.304970967,0.781073234,0.951319829,0.339284466,0.227042262,0.347624048,-0.151626479
T1C-wavelet-HLL-glcm-Idn,-1.107918229,-1.095550619,0.185182042,0.151279356,0.739786654,-0.278403496,-0.345104252,0.507407695,1.065893569,-0.721709185,1.484068314,0.501400642,-0.00089507,0.252046305,-0.740054481,0.336390704,0.161597472,-0.111127675,1.584134156,-0.142846478,0.601234667,0.589366457,1.073473287,0.329576087,0.890968826,0.207016401,-0.090917871,0.432548646,1.608099267,-0.67278775,0.593711155,-0.625501289,-1.242417908,-0.042993057,0.745962026,1.183418613,0.101594855,-0.083144931,-0.770351229,1.314415686,0.603874395,0.929943607,0.298421621,0.732170822,0.111165333,0.025539267,-0.213181102,-0.147975921,0.358067211,-0.522588904,-0.059492845,0.691335055,-0.082378987,-0.032964154,-0.258579095,-0.43136242,-0.305543206,-0.549559153,0.477415489,1.082645116,-1.058621363,-0.388264043,0.087383721,1.116722173,-0.549089864,-0.455088372,0.909400638,0.327045545,1.537209186,1.870932925,0.623198948,0.12398869,0.570455335,0.008560962
T1C-wavelet-LHL-gldm-LargeDependenceHighGrayLevelEmphasis,-0.496301373,-0.673833915,0.898387969,-0.416612119,-0.126684849,-0.648063549,-0.804808856,-0.135802233,0.253496526,-0.369239247,1.039443557,-0.730121721,0.224624954,-0.149247633,-0.665033382,6.300775197,-0.528835614,0.520137885,0.799309859,-0.673880988,0.056218283,-0.411025404,0.123914447,-0.114045731,-0.462235277,0.721181413,1.252401887,-0.225628257,0.694928924,-0.083802698,0.339589458,0.190016816,-0.250623293,2.12980846,-0.117975174,0.24986343,-0.618830661,0.10625638,-0.338939006,0.087245496,2.402487542,0.29639878,0.123247056,-0.329609396,1.747495122,-0.395282563,0.02030492,0.445158021,-0.216021382,-0.136474266,0.082790636,0.899273401,0.460353805,0.148150095,-0.063497339,-0.503871031,-0.5653211,0.558454557,2.902087276,0.380341923,0.603197236,-0.37796716,0.773159873,-0.754884724,-0.740289192,-0.800161964,-0.073236421,-0.68002888,-0.753262314,-0.527356248,-0.733169243,-0.485616121,-0.555815355,-0.678428211
T1C-wavelet-LHH-gldm-LargeDependenceLowGrayLevelEmphasis,-0.465211189,-0.414832849,-0.504836263,-0.278939613,-0.499883449,-0.157295647,0.255381204,-0.466731972,-0.458629699,-0.469981445,-0.454344957,-0.092757708,-0.255692506,-0.357293925,-0.193317991,-0.066182498,-0.474443686,-0.506128399,-0.478100077,-0.378433251,-0.300241371,-0.504369984,-0.509414126,-0.506869824,-0.514963958,-0.511645909,-0.512894605,-0.512232495,-0.514334371,-0.510020427,-0.514725736,-0.515716255,-0.516018564,-0.516450146,-0.488395993,-0.501736264,-0.50864434,-0.505738257,-0.516043911,-0.457406598,-0.512721401,-0.486301049,-0.514837308,-0.489479773,-0.512724508,-0.507464754,-0.497574432,-0.508193226,-0.512411149,-0.507399372,-0.514455532,-0.510461448,-0.50872448,-0.512273906,-0.493929493,-0.468459678,-0.491176802,-0.513903733,-0.516507079,-0.295925297,-0.515853666,-0.505674706,-0.514204795,-0.154534075,0.30289987,-0.349845764,0.024571185,0.294213293,0.310832487,3.07667904,2.778882866,0.2647472,0.337722414,0.312292674
T1C-wavelet-LHH-glcm-ClusterShade,-0.322528077,-0.196831743,0.043821866,-0.175962662,-0.155849472,-0.179262406,-0.17847037,-0.126793148,-0.17347266,-0.162344662,-0.17246882,-0.179013348,-0.167879522,-0.173453294,-0.181294222,-0.167793686,-0.165035661,-0.247414144,-0.176168218,-0.149295629,-0.177330545,-0.055596786,0.09353752,0.224648548,0.25307421,-0.169253704,0.069443563,0.090242419,0.966456924,-0.438056252,0.286422138,-0.263770026,-2.147000086,4.547348923,-0.090551578,-0.222909396,-1.148452026,-0.095600924,-3.292683207,-0.157648454,-0.139427169,-0.200053504,0.178066744,-0.00020936,-0.170838419,-0.36413784,-0.205944539,-0.061499467,0.357150103,-0.221151952,-0.199311697,0.525385018,0.204478976,0.176475504,-0.105704461,-0.171249821,-0.190462086,-0.222602985,2.73219201,-0.171331251,3.2243781,-0.285001126,-0.31388556,-0.177445862,-0.179839488,-0.194803571,-0.180694897,-0.176928967,-0.177766936,-0.178335238,-0.178863998,-0.176126726,-0.176979435,-0.180186388
T1C-wavelet-LHH-glcm-SumEntropy,-0.350164583,-0.605653286,0.650177531,-0.944776425,0.450083819,-0.836035565,-1.153335086,-0.333080589,-0.281052552,-0.248121741,-0.595852778,-1.114919003,-1.100936663,-0.926775922,-0.796810249,-1.077462323,-0.727483371,0.474707162,-0.50823374,-0.798707799,-1.042261902,0.525194605,0.709950942,0.806718947,1.42690593,0.727862352,1.265076624,0.939999234,1.450004316,0.930402345,0.846290482,1.334332727,1.376400964,1.768930926,0.08972816,0.364444904,0.901823515,0.300968274,1.298170196,-0.384692154,0.596075249,0.207483208,0.833886874,0.240008733,0.697062175,0.923229819,0.454710877,0.819376256,0.803611212,0.645978885,1.146550621,0.838649385,0.963285478,0.973637127,0.381983548,0.004386225,0.192883336,1.413886909,2.013508088,-0.654567694,1.804263783,0.570206636,1.249810906,-1.030143381,-1.144248225,-0.705330145,-1.143238933,-1.091502439,-1.212223358,-1.185311098,-1.205722806,-1.136096282,-1.173148894,-1.17841856
T1C-wavelet-LHH-firstorder-Entropy,-0.361118319,-0.597818097,0.602618488,-0.968320962,0.417524672,-0.858876,-1.168351052,-0.324438913,-0.299197365,-0.254234324,-0.652467062,-1.098514946,-1.058933125,-0.927144917,-0.770452978,-1.087468942,-0.654567118,0.517884721,-0.463488007,-0.792017726,-1.052722186,0.499684244,0.75882301,0.844310197,1.528107346,0.728555148,1.191279275,0.882250228,1.406694552,0.943708402,0.900199709,1.318364193,1.412648947,1.741357283,0.106575252,0.389502326,0.984837629,0.347757803,1.326726716,-0.384965646,0.583374218,0.274819751,0.877489589,0.302726788,0.675285875,0.871838369,0.365261972,0.80515235,0.837957839,0.664232215,1.122130279,0.778904609,0.899534647,1.019403204,0.300830454,-0.028353539,0.174430002,1.396014475,1.985161041,-0.654601,1.743027927,0.528431931,1.281378006,-1.0075815,-1.145977751,-0.695150316,-1.167211648,-1.079938901,-1.179075912,-1.190345412,-1.191846104,-1.147451518,-1.171740641,-1.179148115
T1C-original-shape-MeshVolume,-0.773557941,-0.716080296,0.080094425,0.331145949,0.633528585,-0.584670863,-0.782081433,0.278148172,0.924803835,-0.536231252,2.030128531,-0.497237952,-0.563669738,0.610396588,-0.444010868,0.518920052,-0.746963974,0.458601243,0.052997102,-0.6785691,0.805911184,-0.593960575,-0.129928006,0.076621269,-0.680409145,-0.337332986,-0.49426256,-0.435599233,0.906604725,-0.672321894,0.155234267,-0.391180876,-0.759900219,0.639317177,0.435692959,2.940766371,-0.821141847,0.021369576,-0.731952784,0.209624663,4.731415644,0.64601181,-0.431052252,-0.308227832,-0.270425808,-0.486907972,-0.701622797,-0.607579147,-0.59568317,-0.764128408,-0.421924732,-0.4623498,-0.517338629,-0.125576774,-0.636751414,-0.382786019,-0.547931479,-0.598636191,-0.002070028,1.027091336,-0.6314494,0.109602263,0.127784595,-0.442730107,-0.411169696,-0.712713405,0.837919022,-0.391220026,-0.359799435,1.562387907,0.407381989,0.528802605,0.294272337,-0.593457219
T1C-wavelet-LHH-glszm-LowGrayLevelZoneEmphasis,-0.477857762,-0.464464731,-0.604267273,-0.338236316,-0.575591616,0.003689677,0.807938175,-0.56492439,-0.558075945,-0.545798732,-0.587152519,0.050716125,-0.236590597,-0.434475851,0.120654713,-0.12777129,-0.512023771,-0.605750214,-0.582171879,-0.429934887,-0.36396851,-0.584335008,-0.616430556,-0.5707194,-0.625827677,-0.628843723,-0.613602324,-0.624530094,-0.638562513,-0.579967928,-0.653275821,-0.651172971,-0.64251634,-0.659297182,-0.56871479,-0.610908093,-0.542155107,-0.624753245,-0.645126887,-0.548060855,-0.648039522,-0.561371824,-0.644675379,-0.530827698,-0.639886052,-0.549561554,-0.539920558,-0.575464206,-0.62054796,-0.590494096,-0.641069693,-0.605020318,-0.58697607,-0.625202007,-0.551956329,-0.49784059,-0.531551546,-0.620368809,-0.655419584,-0.305828365,-0.641185007,-0.605476689,-0.629854233,0.055446428,1.21127253,-0.249232028,0.237545335,1.358600544,2.236281899,1.804411284,1.261019651,0.934345544,0.587520161,1.332451416
T1C-wavelet-LHH-glszm-ZoneEntropy,-0.096599816,-0.30814005,0.57629795,-0.855103998,0.893956882,-0.789553358,-1.735893631,0.267903227,0.385632023,0.163825422,0.278353214,-0.856075611,-0.544235427,-0.368033338,-0.360631107,-0.169046291,-0.054911697,0.505657114,0.383603736,-0.46358572,-0.023994469,0.51644659,0.794134194,0.776859315,0.890606725,0.730956973,0.933333507,0.922399644,1.278382247,0.764888898,1.014089475,0.924140946,0.886530427,1.287526613,0.606793661,0.802933576,0.502827678,0.557796763,0.950288095,0.180196064,0.72044631,0.69325453,0.715624057,0.531722364,0.806863832,0.781514339,0.530560874,0.608642905,0.739781556,0.446739342,0.973505358,0.780462183,0.933655991,0.843245511,0.649600473,0.42044056,0.484387772,0.926524927,1.342901018,0.140468913,1.181702554,0.671750734,0.945942622,-1.466007255,-0.914079145,-0.553419261,-0.533963243,-0.908186653,-1.88289116,-1.00887085,-1.980022536,-0.546311677,-1.323117612,-1.536425791
T1C-wavelet-LLH-gldm-SmallDependenceHighGrayLevelEmphasis,-0.599266249,-0.58868285,-0.293627501,-0.636481862,1.054550963,-0.594243574,-0.642914905,-0.546099855,-0.501668467,0.019430175,-0.491872445,-0.63528818,-0.626254093,-0.567378679,0.308076157,0.157112169,-0.472033679,0.992702461,0.46347185,-0.605011025,-0.541598416,-0.284315466,-0.379746739,-0.123367852,2.302790459,-0.424023622,0.292304164,0.295389957,2.115604504,0.375844194,-0.396018761,0.501485719,2.096725269,1.364757625,-0.402424931,-0.031093801,0.733262165,-0.293705237,0.543296423,-0.419438987,-0.241649097,-0.561089607,0.55635046,-0.182606338,-0.331544546,-0.333929205,-0.547523573,-0.319163576,0.22696001,-0.34950479,0.409091345,-0.173025312,0.816794454,0.786725174,-0.086016543,-0.436588941,-0.501692457,2.586075952,3.921080367,-0.595978782,3.847284245,-0.099237736,0.740052212,-0.641083843,-0.636818345,-0.601084467,-0.638367797,-0.637515633,-0.642991178,-0.642295918,-0.643893888,-0.632513842,-0.642762958,-0.643264841
T1C-original-shape-SurfaceVolumeRatio,0.843027246,0.001862789,-0.83527091,0.09770276,-0.177025037,-0.17516651,0.367414174,0.737111957,-0.595691907,0.729648443,-1.026617564,-0.480053188,-0.05986019,-0.917241084,0.115886112,-0.087993803,0.333396809,-0.86386316,0.560933499,0.148121661,0.354000336,0.416204674,0.24726296,-0.588438935,0.547237872,-0.733668605,0.222744064,0.754609929,-0.442019741,-0.211954621,-0.610964217,-0.539819345,0.407968597,-0.159916529,-0.439981669,-0.537246223,1.164801686,-0.789568367,1.042330445,-1.064559602,-1.492331575,-1.129362825,-0.722655006,0.288777383,-0.795559911,0.614471893,0.432616941,-0.141581731,0.080397736,0.223105509,-0.34874541,-0.179649733,-0.134783821,-0.421247742,0.41265159,0.105781986,0.479435266,0.264143727,0.228053067,-1.393075113,0.351108746,-0.608012704,0.03383111,-0.588708017,0.043845075,0.216170655,-1.07517359,-0.559512983,-0.685780315,-1.211515963,-0.979584985,-0.013690669,-0.804345673,-0.073409547
T1C-original-shape-Flatness,-1.250771906,1.645052706,1.206049956,0.670667355,-1.869965534,1.080070411,1.203785802,-0.63880225,-0.583139254,-0.864257953,0.03341209,0.823429592,1.670762486,0.347909632,1.005911154,-1.652036016,-0.067328113,0.745677985,-1.996552893,0.403135903,-1.691400182,0.718504758,-0.144121158,0.615101972,-0.642959034,1.563525643,0.803744445,-0.35447012,-0.4417256,0.682630632,-0.189188668,0.455045395,-1.360219344,-0.08241197,0.223088923,-0.640494785,-0.924827482,-0.113591907,-2.190201714,0.197740929,-0.018819885,0.769233039,0.871622176,-0.466076999,1.021174496,-0.501505592,0.243543027,0.653355402,0.01694408,0.43419455,1.923603588,-0.425631054,0.854481193,0.769369353,-0.727205879,-0.801130345,-0.013959541,0.272855401,-0.113901901,-0.178612497,1.685789777,1.879425674,-0.7424872,0.190844708,-0.81586139,-0.467193559,0.05674074,0.289270634,0.741991956,-0.069245607,0.299671663,-0.598567659,-1.270505176,0.409155816
T1C-wavelet-LLH-glszm-SmallAreaHighGrayLevelEmphasis,-0.754381333,-0.628560666,-0.217678783,-0.815697025,1.985501917,-0.69932904,-0.858288296,-0.554830468,-0.327144078,0.719484045,-0.220186351,-0.761039383,-0.718594475,-0.314449785,0.352498553,0.401612699,-0.031564659,1.00909105,0.330707569,-0.616916808,-0.209203277,-0.186724692,-0.415845253,0.004232568,2.09173798,-0.4422567,0.140799772,0.316992511,2.500293813,0.536533168,-0.366410194,0.501574087,2.136922105,1.251966293,-0.265694429,0.51184418,0.509656193,0.033175356,0.486491464,-0.003696698,0.023946391,-0.56488353,1.190534745,0.192667976,-0.256924057,-0.449958784,-0.651807384,-0.378201873,0.541977517,-0.416798711,0.480573645,-0.107863221,0.952483689,1.426893286,0.106974563,-0.373460601,-0.596684462,2.458789261,3.478048461,-0.550373179,3.357764768,0.238651756,0.848808003,-0.845558134,-0.794650674,-0.729536061,-0.786493805,-0.818894057,-0.851658561,-0.804214631,-0.862136935,-0.786396936,-0.846707884,-0.849861874
T1C-wavelet-HLH-firstorder-Kurtosis,-0.707088515,0.526458996,-0.396951833,-0.085845039,0.158507225,-0.608444542,-0.039575935,0.004336665,-0.013972098,0.771163238,-0.106571635,-0.049620828,2.49427407,1.496565294,-0.692048405,-0.351825911,1.968814669,-0.565935279,-0.480136576,5.251671977,0.36731257,0.080811549,-0.376543231,-0.254620617,-0.433357773,-0.513292017,-0.27717049,-0.512160522,-0.009456803,-0.46635831,-0.051146041,-0.537615502,-0.556201219,-0.594953156,-0.449353315,-0.239406628,-0.500570575,0.004824167,-0.310878468,2.607093738,-0.34961799,-0.278385558,-0.323664991,-0.068342752,-0.152419161,-0.676243395,-0.362704387,-0.543038503,-0.504088904,-0.20235641,-0.532961017,0.045859073,1.240871465,-0.597499338,-0.500508342,-0.424641524,-0.569075812,-0.40737265,-0.326903222,-0.010563587,-0.120225672,-0.373583121,-0.320812677,-0.631592914,-0.18558151,-0.63507595,2.62410101,-0.541518387,0.262419479,3.627618877,-0.185396401,-0.524888206,-0.109974818,-0.082461802
T1C-wavelet-HHH-gldm-SmallDependenceEmphasis,-0.360419025,-0.680477692,0.378858178,-0.768129046,-0.140108467,-0.818202778,-0.797803926,-0.635781946,-0.567468263,-0.320518097,-0.750538747,-0.78197751,-0.661878658,-0.736126737,-0.731573577,-0.802443846,-0.671785012,0.255093696,-0.707873136,-0.582208838,-0.714501579,0.20635697,0.530613314,0.638277502,1.023308777,0.431916322,0.765000968,0.260620344,0.663343994,0.752425087,-0.016358582,1.413081722,1.346947935,2.429555355,-0.261641394,-0.246944853,1.376749697,0.073617993,0.741842474,-0.62777171,0.329112684,-0.201654158,0.40415538,0.103783159,0.303376757,0.229143503,-0.318113496,1.14534626,0.7689302,-0.418866511,0.533314358,0.510697107,-0.086291149,0.874777699,-0.102362561,-0.527844517,-0.423205913,1.659599643,2.709998409,-0.839049846,2.658213976,-0.174886111,1.684362966,-0.829027916,-0.798987162,-0.811869109,-0.868477405,-0.831075626,-0.849450937,-0.858754651,-0.858277914,-0.798945943,-0.848972612,-0.813278916
T1C-wavelet-HHH-gldm-SmallDependenceHighGrayLevelEmphasis,-0.357106047,-0.386826768,-0.048358995,-0.389843965,-0.281107667,-0.394711853,-0.394512207,-0.386190272,-0.356980695,-0.356858871,-0.381887057,-0.390161383,-0.378706485,-0.381884157,-0.389372709,-0.379577967,-0.37688301,-0.224810608,-0.38768204,-0.368837367,-0.371756458,-0.232984189,-0.107066509,0.014399456,-0.021270522,-0.1207143,-0.06216672,-0.226537453,0.392733569,-0.144868182,-0.212998417,0.996650103,0.223485792,4.061188356,-0.353090976,-0.259627838,0.173508905,-0.249447444,-0.161647711,-0.362736797,0.479477258,-0.322555953,-0.043164959,-0.252728521,-0.07407623,-0.286591703,-0.334832155,0.156724044,-0.065301737,-0.364268566,-0.107215547,0.355583746,-0.271705339,-0.041147381,-0.320760047,-0.370796552,-0.378819093,0.900548631,3.015276111,-0.391898995,6.084712174,-0.320676932,1.680319228,-0.394769794,-0.394314248,-0.394603256,-0.395163124,-0.391616194,-0.394918846,-0.395059387,-0.395041704,-0.391026088,-0.3923741,-0.39452914
T1C-original-gldm-LargeDependenceHighGrayLevelEmphasis,-0.864965321,-0.408003189,1.496805509,-0.809325408,1.291352823,-0.693619252,-0.923800253,-0.372313677,0.304407799,-0.376716283,0.063853466,-0.831321459,-1.347511374,0.193863114,1.730730515,-0.31829769,-0.385439045,1.359251385,-0.266969421,0.09079617,2.489667659,-0.536534716,0.848179108,0.877822798,-0.437859687,1.113228392,0.381588371,0.245370055,1.012710096,0.717507543,1.340874177,1.203136713,-0.087771906,1.479780217,0.58297085,0.432156393,0.73257943,1.352664803,-0.412018561,0.991291564,1.600468122,1.021289664,0.460580575,1.014108655,1.407480202,-0.1658512,-1.166698242,1.086709515,0.446488712,-0.293507019,0.143461151,0.452402629,0.226792886,1.132913291,-0.047753708,-0.565047003,-0.953849321,0.433322972,0.967943736,0.185451399,0.244967754,-0.688357502,2.927983462,-0.695012285,-1.14478959,-0.830724795,-0.282205124,-0.686466952,-0.528950905,-0.205084244,-0.555067991,-1.279153401,-0.771421517,-0.69302344
T1C-original-gldm-SmallDependenceLowGrayLevelEmphasis,0.102943468,0.288198703,-0.713162406,0.740346588,-0.610035903,0.207342808,0.823801136,-0.49158507,-0.609512865,-0.350800188,-0.678466783,0.334564478,0.417871564,-0.527128688,-0.352138152,-0.223592691,0.633058392,-0.539327615,-0.185918791,-0.035440502,-0.730728712,-0.374917289,-0.389314661,-0.636774603,-0.444704355,-0.648692777,-0.571966181,-0.579575199,-0.510765369,-0.535033982,-0.563007726,-0.674829815,-0.335253483,-0.730559653,-0.460196058,-0.550327942,-0.083993587,-0.556647925,-0.394673942,-0.564153685,-0.771230053,-0.52680373,-0.481670637,-0.634610577,-0.600668129,-0.521133326,0.16203357,-0.637987039,-0.484919544,1.203761043,-0.591969505,-0.389187782,-0.505528243,-0.665839978,-0.584012921,-0.159746995,0.031897061,-0.506718407,-0.633546617,-0.365002856,-0.426357205,-0.492570068,-0.779005431,0.176685712,0.78376378,0.775609791,-0.194947096,0.844106135,0.152068857,-0.529929133,-0.118821487,0.560376396,-0.083562671,0.589267312
T1C-wavelet-HHH-firstorder-Skewness,-1.091682639,-0.082752469,0.2577265,0.372584411,0.236633594,0.257132064,-0.792203674,-0.062308958,0.12048645,0.785929734,0.079893572,-0.060969672,-1.224829699,0.119638261,0.316190235,-3.464463599,-0.248778633,0.407175878,0.663486797,-0.33389029,1.029811056,-0.270572495,-0.362112471,0.016175895,0.002629342,0.390425409,0.364811633,-0.255131652,-0.283895472,0.248091908,-0.078938486,0.717575182,1.265326378,0.042997035,-0.389979579,0.158802858,-0.939977273,0.149472106,0.721474794,-0.037424646,0.059887808,0.290409515,0.398372653,-0.272836702,-0.056844333,0.039532065,-0.442642029,0.262690355,-0.263803985,-0.289771194,-0.080701285,-0.099503903,-0.023577707,-0.078801136,-0.053878072,0.223001496,0.030980198,-0.75482428,-0.160025525,0.098871621,0.526700136,0.235924651,-0.268263112,0.16837666,1.930529008,0.019150437,1.87223383,0.991581728,0.27848381,0.388461809,1.766504807,0.393455015,-0.329295016,1.339321807
T1C-wavelet-HHH-glrlm-RunLengthNonUniformity,-0.744014335,-0.717055767,0.332787354,0.034576133,0.576573534,-0.637318209,-0.763253708,0.128642604,0.44588098,-0.519190994,1.013649255,-0.575217124,-0.598199747,0.14640567,-0.502951641,0.182680613,-0.72581226,0.760575429,-0.060350103,-0.677126396,0.484013891,-0.512944728,0.149569666,0.565646641,-0.556953919,-0.11281041,-0.258051548,-0.258933854,1.646025514,-0.516425763,0.190130319,0.049082048,-0.634108082,2.131038043,0.303602237,2.507493339,-0.74267269,0.089992299,-0.629491194,-0.104446913,6.720536123,0.564305053,-0.313858653,-0.204585399,-0.077822402,-0.337338805,-0.657562598,-0.380786484,-0.428721209,-0.739613711,-0.18634712,-0.293911233,-0.475525994,0.343318727,-0.575991891,-0.432532443,-0.546315381,-0.331234147,0.941989069,0.320376047,-0.344061584,0.065168896,0.930414799,-0.529390922,-0.493657345,-0.706561649,0.170111495,-0.500538289,-0.481163689,0.658403249,-0.006750526,0.214567451,-0.052704898,-0.626522044
T1C-wavelet-HHH-glrlm-LongRunLowGrayLevelEmphasis,-0.449746448,-0.081761835,-0.692026441,-0.043692,-0.632342629,1.818380804,1.332399807,-0.151321367,-0.537134869,-0.462599456,-0.355802148,-0.013408929,-0.389723782,-0.367565846,-0.078631682,-0.528804197,-0.438177098,-0.653955452,-0.133399744,-0.439926587,-0.555059411,-0.65108428,-0.682172787,-0.699600944,-0.68465837,-0.682371715,-0.685932747,-0.656685206,-0.716190845,-0.665473442,-0.665948074,-0.723199779,-0.701340135,-0.730511554,-0.449681019,-0.659248138,-0.699426666,-0.639791141,-0.66263112,-0.530204871,-0.722157515,-0.573007008,-0.690964522,-0.649298666,-0.693564431,-0.616353748,-0.594360019,-0.70218835,-0.685552022,-0.453439104,-0.685120772,-0.714678972,-0.636498746,-0.688878978,-0.599715588,-0.44351594,-0.172778112,-0.719905757,-0.728269475,0.079562325,-0.731251775,-0.573950469,-0.726306425,1.878047043,1.517265602,1.570762809,2.453292659,-0.033771467,1.941177405,2.373596039,2.043219937,-0.080900018,0.031721006,1.660719278
T1C-wavelet-HHH-glszm-SizeZoneNonUniformity,-0.513791208,-0.558030885,0.647673292,-0.507400361,0.612378742,-0.575703804,-0.575703804,-0.313377963,0.168067304,-0.366001787,-0.195651931,-0.557428399,-0.522047936,-0.329827088,-0.544374539,-0.543678333,-0.570883917,0.921206466,-0.469349193,-0.515053559,-0.431538242,-0.246818046,0.416303113,0.741725056,-0.121769992,0.079708778,0.010893022,-0.192100772,1.884951105,-0.241601201,0.314556497,0.419500305,-0.28758367,4.656547037,0.232950978,1.852036658,-0.392582042,0.173837964,-0.314626593,-0.225103018,5.311739002,0.325779141,0.030559817,-0.056430234,0.079458873,-0.181583777,-0.501491218,-0.029955738,-0.121429457,-0.515752741,-0.025513994,0.001914107,-0.298091703,0.614105566,-0.419172236,-0.372267016,-0.390620144,0.126909651,2.804387387,-0.453443256,0.454213085,0.078167344,2.211511328,-0.573615186,-0.573093032,-0.575703804,-0.572222774,-0.569437951,-0.575703804,-0.560039171,-0.575703804,-0.565840887,-0.57048226,-0.575703804
T1C-wavelet-HHL-glcm-Correlation,-0.462280677,-0.745333185,-0.946107827,0.536861259,1.245289611,2.920330053,-0.240269605,-0.567087947,0.179562805,-0.439043259,0.983881497,-1.159290152,-0.343939326,-1.149025136,1.850663797,1.670609929,-1.34372824,0.357963057,0.825916287,-0.780582358,-0.544919217,0.301889503,-0.961375281,-1.021687702,2.482053993,-1.554918985,0.735275981,0.99986935,-0.107606244,-1.089744947,-0.120180089,-1.237612001,-0.430520009,-0.34107303,-0.009653657,-0.449244958,0.411168066,-0.505690209,-0.369476895,0.090847089,-1.316156425,-0.64527309,0.130716234,-0.561774532,-0.559758847,1.440935023,0.609556878,-1.084875794,-0.788398735,1.617105282,0.162021712,-1.254198085,3.024698603,-1.031862573,0.121326345,0.389770413,-0.688613984,-0.251318874,-0.484373801,-0.206747152,-0.637187673,0.83850011,-1.326141473,-0.54814812,-0.248892597,-0.411194801,1.520526692,-0.173657591,-0.407175848,0.400778919,0.23127599,-0.342839407,-0.070745992,-0.636522641
T1C-wavelet-LLL-gldm-LargeDependenceHighGrayLevelEmphasis,-0.716236418,-0.523621028,1.907428422,-0.734245971,0.659191698,-0.817468584,-0.935876564,-0.302142437,0.362427758,-0.502662526,0.120177908,-0.793806369,-1.117686911,0.421982479,2.233346758,-0.28728032,-0.463880392,1.541881197,-0.262490856,0.215837485,1.459465505,-0.469827962,0.82001825,1.106941322,-0.294026718,1.2733033,0.427535627,0.211253078,0.83847322,0.675369278,0.97032106,1.983450748,0.014235038,2.450330944,0.286668484,0.082349057,0.199120642,1.490330611,-0.651229474,0.502763848,2.470784452,0.427866733,0.853219108,0.421868635,1.009191034,-0.190953518,-0.901525239,1.306362587,0.390219791,-0.408143444,0.29280985,0.570685472,0.088365578,0.858038701,-0.206117462,-0.714355191,-0.800266843,0.191306727,1.421635569,-0.180154526,0.871055467,-0.658737322,2.889055963,-0.782044486,-1.091213492,-0.922837653,-0.633662429,-0.742862828,-0.711210461,-0.679576688,-0.771483253,-1.117044143,-0.77804982,-0.879968399
T1C-wavelet-LLL-glcm-Idmn,0.415070317,-0.663064807,-0.439659651,-0.277053795,0.758928145,-1.52254162,0.468027318,0.613273577,1.015333303,-0.77295671,1.018709184,-0.423650134,0.483605826,1.09098454,0.447642186,0.833284994,-0.824932592,0.538156409,0.571384931,0.051548781,1.105387915,0.086137522,0.093919891,0.721070216,0.750976884,0.933453628,-0.563849447,-0.52523695,-0.456803441,0.15651405,-0.071079516,0.194186591,-0.454451509,0.417658335,0.337616803,0.755094317,-1.017005028,0.530948214,-2.057641951,0.912836496,1.628677884,0.686345725,1.154273187,0.799361229,0.265144254,-0.209320978,-0.628142519,0.277286196,0.236939828,-1.756727439,0.083635009,0.494094408,-0.637240613,0.753714727,0.007296246,-0.51011321,-0.115237011,-0.829230722,-0.289901725,1.089812433,0.017437963,0.00680319,1.169909203,0.17633424,-0.956031237,-1.262659942,1.027150626,-0.510206888,0.408855651,1.183850696,0.54471794,1.349006737,0.962935039,-0.129124779
T1C-wavelet-LLL-glcm-Idn,0.296005758,-0.833570752,-0.630434786,-0.525931734,0.731327892,-1.725872227,0.184337177,0.430934968,1.009632605,-1.028460052,1.177875729,-0.573456397,0.50962074,1.047676102,0.658188977,0.776490485,-0.900319342,0.596807914,0.427517557,0.02463293,1.284973021,-0.090797661,0.068557225,0.600799542,0.701796341,0.893773619,-0.877854159,-0.732280778,-0.628651355,0.108751601,-0.090168164,-0.050517164,-0.600362128,0.24978431,0.252102271,0.630225922,-1.179951139,0.595006681,-2.052912291,0.935294398,1.936150368,0.778071341,1.100864077,0.765135572,0.185395125,-0.549011842,-0.889374285,0.218334335,0.199615626,-1.612638665,-0.223579054,0.497176412,-0.973798774,0.622171852,-0.329908456,-0.783884211,-0.449574128,-1.059165721,-0.629298484,1.181034662,-0.265523637,-0.433686819,1.25838649,-0.030675533,-1.225821469,-1.439805713,1.089658615,-0.540794147,0.383151317,1.208161507,0.389503598,1.551812661,0.998287556,-0.438607015
T1C-wavelet-LLL-firstorder-Energy,-0.532251613,-0.550847949,3.324739436,-0.365370175,1.3324449,-0.529163065,-0.593452937,-0.07553239,0.849700907,-0.381475677,0.624969052,-0.508892737,-0.560659345,0.355547059,-0.228920997,-0.362103887,-0.533748817,0.386625137,-0.260153053,-0.428204549,0.782506061,-0.51893509,0.155257037,0.907807776,-0.455861403,0.306653034,-0.149887192,-0.168599796,1.708941505,-0.124181695,0.485372864,0.273065995,-0.481957927,2.665870377,0.025493874,1.11282188,-0.483396067,0.262115491,-0.504314398,0.007768059,6.117089259,0.010934457,-0.118081257,-0.049064807,-0.009852685,-0.270632664,-0.561243283,-0.187374035,-0.177916225,-0.489844915,-0.052002987,-0.255782641,-0.241287281,0.206117977,-0.445999595,-0.430927704,-0.53022795,-0.27721985,1.944251884,-0.386661775,-0.227726591,0.304090603,1.599129995,-0.581934988,-0.585007614,-0.587236928,-0.460532281,-0.585214513,-0.589951322,-0.511710668,-0.572015535,-0.580655823,-0.579953497,-0.590103428
T1C-wavelet-LLL-glrlm-ShortRunLowGrayLevelEmphasis,-0.309058827,-0.268827444,-0.348125947,-0.30393545,-0.342623805,-0.286818362,-0.093135648,-0.342958959,-0.348430628,-0.334773732,-0.346077392,-0.270216468,-0.211492666,-0.346284989,-0.340268858,-0.317348491,-0.311219413,-0.343599951,-0.328556152,-0.324540263,-0.347251756,-0.33235063,-0.345510534,-0.348359243,-0.333764606,-0.346494779,-0.344272331,-0.343540668,-0.346801461,-0.33642773,-0.341333095,-0.34738047,-0.324006409,-0.352021005,-0.340308781,-0.342484315,-0.305898324,-0.346658909,-0.32162446,-0.342729882,-0.352328892,-0.341443222,-0.334928555,-0.343030922,-0.344467898,-0.340188553,-0.303068371,-0.327186415,-0.336954858,-0.307420812,-0.343283722,-0.342064686,-0.340912043,-0.347034395,-0.337705832,-0.324161256,-0.323578269,-0.337046132,-0.349824763,-0.306870612,-0.334996782,-0.339689343,-0.35089804,-0.236006592,-0.119258201,-0.100284387,-0.26507665,-0.063504422,-0.092123702,-0.183315845,-0.155070435,0.005454995,-0.161967942,-0.090596007
T1C-wavelet-LLL-glszm-LargeAreaHighGrayLevelEmphasis,-0.273540877,-0.265720068,-0.242889353,-0.262792571,-0.25235498,-0.275041973,-0.224847307,-0.267075487,-0.254885867,-0.27190212,-0.216199346,-0.217966735,-0.271544956,-0.251501678,-0.212553624,-0.259633656,-0.269521716,-0.225016634,-0.260965754,-0.251980409,-0.216593798,-0.27056476,-0.248764463,-0.248911727,-0.266794786,-0.244267562,-0.260608092,-0.26352611,-0.255586414,-0.254036054,-0.249481993,-0.241074255,-0.264664836,-0.234466277,-0.243717011,-0.259900621,-0.263056134,-0.219052086,-0.274323211,-0.234485976,-0.226426014,-0.150248341,-0.249397074,-0.239802994,-0.251661845,-0.26780444,-0.276784771,-0.250827388,-0.260377466,-0.270757937,-0.262385911,-0.256801034,-0.264320659,-0.251594234,-0.267966848,-0.273381091,-0.274737506,-0.263668781,-0.246410177,-0.150246991,-0.253846302,-0.273777209,-0.226840946,-0.149870826,-0.269880198,-0.269695673,-0.195059524,-0.157466363,0.259290334,1.723756573,0.395900063,-0.07001982,0.728806393,-0.213185927
T2WI-original-firstorder-Kurtosis,0.039983563,-0.924161752,-0.714826924,0.758932784,1.396739689,2.26082049,-0.824386638,-0.549482868,1.125955597,-0.45871346,-0.44005608,-0.627334949,-0.627102076,-0.409438036,3.132751389,0.951455515,-0.462118696,-0.093125212,3.487740013,-0.542405734,-0.26844406,-0.854021519,-0.561765283,-0.655182679,-0.663658113,-0.637455691,-0.720994871,0.027714669,-0.382384803,-0.635650547,-0.600699266,-0.451776583,-1.019520078,-0.935855907,3.736271778,0.360399196,-0.465296156,-0.092523589,-0.694491455,-0.730044334,0.858565897,-0.614832951,-0.293693836,1.304646968,-0.9702077,-0.355459266,-0.060652119,0.142886987,-0.337452027,-0.583029924,-0.515492432,-0.111896558,-0.745215492,-0.602349776,-0.248975864,-0.280563999,0.23364188,1.559102539,-0.147461034,-0.563016559,-0.383214432,0.485800571,1.3501303,0.094426184,-0.442372406,-0.737330268,1.380721986,-0.277349556,-0.548780834,0.4039274,-0.061417384,1.598376572,0.231854875,0.327709629
T2WI-wavelet-LHL-gldm-SmallDependenceLowGrayLevelEmphasis,0.903108107,3.500790836,-0.758889232,-0.074260619,0.187363753,-0.237158295,4.089103047,-0.251989034,-0.833120911,0.556532102,-0.780218664,1.562765855,0.084853374,-0.881154193,0.501760398,-0.940551523,0.1707271,-0.899045816,-0.755636998,1.098550515,-0.444259357,2.869173503,-0.703809201,-0.594749584,1.639033069,-0.015930519,0.339228093,-0.456606151,-0.883326201,-0.824863239,-0.377167575,0.156474744,1.856484382,-0.289046024,-0.625550499,-0.962376299,0.186050295,0.660906884,-0.117871902,-1.020789438,-0.878243501,0.152917793,-0.808114664,-1.03239177,-0.937941214,0.268780097,-0.264775573,-0.416894084,0.538688858,0.564048924,-0.190802397,0.027898831,-0.059034182,-0.783480286,1.23478622,0.231894962,1.29670071,0.150768892,-0.634051511,-1.026364594,-0.277580164,-0.34807365,-0.834549179,-0.112237535,0.037132029,1.28821414,-1.0397584,-0.38347925,0.127317998,-0.570756411,-0.310527091,-0.93944169,-0.777150559,-0.057335135
T2WI-wavelet-LHL-gldm-LowGrayLevelEmphasis,-0.740856296,0.497471613,-0.871560507,-0.727690257,-0.454721567,-0.721846497,2.559898061,-0.779793088,-0.889938607,-0.620875927,-0.798429701,0.689483961,-0.64285962,-0.859619582,-0.444159258,-0.903658312,-0.742427804,-0.867867763,-0.762840618,-0.191805187,-0.711417129,2.634238837,0.015780913,0.017412712,-0.575925199,0.821807661,0.693120286,-0.70768238,-0.327735805,-0.586840864,0.764160316,0.798884262,-0.030638857,-0.235905633,0.568325338,-0.311296645,2.503737314,2.292869416,-0.219151183,-0.666122334,-0.024975696,2.50336316,-0.759418696,-0.600809949,-0.66881228,0.840700208,0.759127734,-0.461853448,0.710342679,0.819374871,0.06151304,2.32630531,0.062244862,-0.494486194,2.324400209,0.657280363,2.49880421,0.640691147,-0.484006485,-0.005443657,-0.589396171,0.028741394,-0.602834323,0.02831026,-0.619830326,-0.335377516,-0.885080156,-0.650802273,-0.561461855,-0.706059988,-0.562208006,-0.881977124,-0.745340864,-0.64823031
T2WI-wavelet-LHL-firstorder-Skewness,-0.760938658,0.662592931,-0.237937153,-0.43051194,-0.58241762,-0.158824368,0.422895846,-0.33722718,-0.788625153,-0.032141906,0.548748771,-0.111794625,-0.036811799,-0.239887677,0.114381887,-0.544703738,-0.42089314,-0.08305865,-0.325315135,-0.02273511,-0.33995065,0.864353016,0.613013709,-0.401512409,0.069518836,1.471384776,0.041589375,-0.550549395,-0.33926524,-2.143652255,-0.026459967,-0.234960988,0.470069317,0.060191331,-0.236914511,-0.37578255,4.968764737,1.929500683,-0.855406832,-2.521886556,-0.075599197,0.781737573,-0.619684204,-0.187752717,-0.534145036,-0.185470911,-0.102274458,-2.090515071,1.456718434,2.866198038,2.330586589,0.387190396,-0.218599035,-0.632749188,0.187013941,0.125224357,0.000977379,-0.223810029,0.476838677,-0.479581747,0.182060514,0.328393168,-0.618645948,1.114190519,-0.167904934,0.167427155,-0.876028035,-0.287403758,0.094972918,0.072669893,-0.043432397,-0.633011271,-0.537397803,-0.882162353
T2WI-wavelet-LHL-glrlm-ShortRunLowGrayLevelEmphasis,-0.696854977,1.20837631,-0.939578861,-0.706945047,-0.342063721,-0.698401897,3.100382805,-0.788087773,-0.970639663,-0.534052673,-0.834858001,1.157619819,-0.589596549,-0.925145379,-0.292376565,-0.993948746,-0.735587569,-0.938551588,-0.790360827,0.092971409,-0.702952012,3.411544177,-0.19017684,-0.056437361,-0.436242335,0.858131627,0.799383444,-0.723026377,-0.424697234,-0.656109839,0.62776512,0.884792076,0.309970787,-0.092432919,0.264297354,-0.429869602,2.227608004,1.76771659,-0.064237354,-0.759369703,-0.244756536,1.861715403,-0.77965425,-0.698762743,-0.753224051,0.992839636,0.846921091,-0.463099237,0.624807777,0.84122398,0.029959806,1.766740916,0.093018658,-0.593749784,2.064570604,0.690613261,2.195174647,0.608048277,-0.469696504,-0.473371096,-0.573884856,0.119581876,-0.654524243,0.109709879,-0.541922747,-0.102291713,-0.968004459,-0.620094276,-0.478952025,-0.697344927,-0.485098484,-0.958601381,-0.761093505,-0.603151339
T2WI-wavelet-LHL-glrlm-LowGrayLevelRunEmphasis,-0.748452279,0.544133825,-0.88670336,-0.739198616,-0.4468041,-0.730184555,2.475742236,-0.792649497,-0.90457485,-0.631774411,-0.812786231,0.74662886,-0.653558226,-0.874336594,-0.446638564,-0.919125547,-0.749571213,-0.882986722,-0.7765847,-0.182002344,-0.723932007,2.804315886,-0.017150804,0.025746285,-0.579756521,0.90268952,0.724424857,-0.704705112,-0.337004221,-0.578318941,0.812157573,0.878543643,0.021176387,-0.222208635,0.561863124,-0.316475723,2.370034997,2.335719371,-0.184621802,-0.659910844,-0.029373568,2.503311516,-0.745699367,-0.605280353,-0.673979746,0.861016294,0.801826335,-0.449093332,0.685276385,0.803063013,0.075771444,2.24245205,0.060951468,-0.503535144,2.266369583,0.670455291,2.429798052,0.654133318,-0.489203226,-0.069055063,-0.596105666,0.053830185,-0.610230012,0.037578385,-0.626667731,-0.329154668,-0.899782584,-0.658968822,-0.566809431,-0.715908335,-0.566384333,-0.897077667,-0.755663422,-0.651463733
T2WI-wavelet-LHH-gldm-DependenceNonUniformity,-0.778281938,-0.723462438,0.121554623,0.423231821,0.62387503,-0.578146043,-0.77934807,0.287028233,0.859857206,-0.532216698,2.412724665,-0.470289762,-0.579192604,0.633758495,-0.467856292,0.449587539,-0.73666127,0.561279996,0.07461761,-0.690567743,0.918337353,-0.618861643,-0.148849314,0.13539181,-0.694165192,-0.271031125,-0.472087117,-0.475299237,0.988227564,-0.676168995,0.135952271,-0.409576022,-0.77573375,0.643410678,0.507238299,2.911632438,-0.822832736,0.134336617,-0.755611391,0.290826357,5.858632814,0.828123895,-0.426057749,-0.32021354,-0.222034994,-0.505566277,-0.722927827,-0.580874223,-0.575974858,-0.779186066,-0.428172914,-0.457870026,-0.512472528,-0.0626859,-0.60875899,-0.379980337,-0.545319538,-0.590504511,-0.019239811,1.24872678,-0.658181585,0.100409866,0.078226106,-0.474135135,-0.448869612,-0.723513642,0.929363362,-0.346757775,-0.365648989,1.602404654,0.48799134,0.475112195,0.358751539,-0.590959485
T2WI-wavelet-LHH-glcm-MaximumProbability,0.454384107,0.198056038,-0.148225686,-0.13343895,0.009238407,-0.480697207,0.041960911,-0.166003575,-1.076862622,0.20200046,-0.433936097,-0.160386821,0.147626485,-4.819969109,0.070738454,-0.944804118,-3.193095521,0.3189959,0.444777636,-2.629046449,-3.972215848,-0.095707374,-0.066930053,-0.096589009,1.140672276,-0.227703436,-0.128041662,-0.028864461,0.048200277,0.525538456,0.494673897,-0.031437984,0.294031684,0.007322013,-0.109762938,0.325379612,1.410126096,0.163407757,2.016069301,-0.066885203,-0.234112949,-0.005839047,-0.116760766,0.022164343,-0.101271893,0.528687522,1.038632861,0.20166936,0.454802404,1.155564116,0.282959446,0.08707904,0.39973561,0.056372742,0.127538406,0.327946574,0.122714694,0.143883556,0.058911335,0.660201767,-0.085415089,0.501019827,0.208941743,1.152371119,0.292187335,0.755340122,0.036356423,0.274211534,0.319221864,-0.091272958,0.647962596,-0.066651125,0.136247078,0.29486571
T2WI-wavelet-LHH-firstorder-Kurtosis,-0.250869026,-0.087046086,-0.410290524,-0.422551744,1.068312858,-0.37633541,-0.27793959,-0.411824042,-0.141910002,-0.262912428,-0.359766185,-0.287342567,0.007317633,-0.409653429,0.117138305,-0.348992224,-0.387528923,0.214377514,0.845010948,-0.474675727,-0.452553796,-0.404291637,-0.030427777,-0.420993102,-0.301423567,-0.213356476,-0.40855553,-0.0548065,-0.409235075,-0.42262432,-0.362259058,0.102871579,0.579395477,-0.405088472,-0.29829257,-0.414891281,-0.453580886,0.074920596,-0.37131455,0.113014766,-0.289101815,-0.397488638,-0.223945286,7.251828494,0.203230045,-0.330902749,-0.174245748,-0.204613775,-0.385631286,-0.271535811,-0.096952218,-0.402373038,-0.291894032,-0.162197032,-0.438722992,-0.37415968,-0.406493808,-0.3777253,-0.308381441,-0.104640969,-0.366741769,-0.246062684,-0.394398592,3.328118564,0.377563632,-0.211007934,0.438491585,-0.324272602,0.01006884,0.648303464,-0.206652451,0.046272481,1.384146356,0.258237724
T2WI-wavelet-LHH-glszm-SizeZoneNonUniformityNormalized,-0.558860475,0.043777721,0.023586762,1.113692298,-1.001791222,-0.22244518,2.883130749,-0.505251505,0.26076057,-0.13988555,0.845673131,-0.240157585,0.345458978,-0.686889024,-0.543810623,-1.261848815,-0.690013924,0.85787347,-1.378766827,-1.187526208,-0.554825224,1.417884365,-1.743963075,0.250276116,-0.741426086,0.634363148,-0.162720686,-0.416081586,-0.281801425,2.883130749,-1.508993471,0.183992679,2.118243808,0.102448018,-0.087463492,-0.923954442,1.321486582,0.800938522,-0.630568627,0.134637015,0.534417922,1.737308998,-0.742009204,0.998069151,0.183992679,-1.107737673,0.800938522,0.183992679,-0.240157585,2.102308666,-0.332562569,-0.048935856,-0.825774148,-0.467109333,0.800938522,0.460988776,-0.240157585,0.183992679,-0.302657133,2.102308666,0.685581617,-0.923954442,0.045271128,-0.587189625,-1.246837291,0.800938522,0.07085036,-0.864815252,-0.864815252,-1.655107471,0.134637015,-1.510213353,-0.124480243,0.183992679
T2WI-original-shape-Sphericity,0.583030977,1.422747144,0.435274605,-1.577051694,-1.468481825,0.760420954,1.581218721,-2.129279715,-1.015695601,-0.903063813,-0.68380322,1.050070027,0.400489512,-0.03141276,-0.392132176,-1.501413063,1.092172438,-0.014345848,-1.794414703,0.737176341,-2.131827337,-0.261394037,-1.245523646,-0.18999295,0.064306824,1.139975899,-0.388823354,-1.226222423,-1.265053091,1.496530204,-0.254247607,0.770291297,1.12760752,-1.494830205,-0.910917705,-1.891053183,1.042881198,0.408889014,-0.179735789,0.968242765,-0.084903063,0.604473747,1.471331119,-0.984714544,1.118436777,-0.932430367,0.41925892,0.825609564,0.300952616,1.576173106,0.41159415,0.198111849,0.331188958,-0.20279477,-0.023214096,-0.554223461,-0.552494398,-0.002898963,-1.393902813,1.322273226,0.041431347,-0.195487551,-1.3071981,1.132441357,-0.377142266,0.921996984,0.221009463,0.82330457,1.071544448,0.12097435,0.385518215,-1.599197208,0.02712541,0.591341595
T2WI-wavelet-LLH-gldm-DependenceVariance,0.356826802,1.818196246,0.628168755,0.833665374,1.354209584,-0.358055879,1.349899913,0.584105652,1.082267938,1.086001093,0.984705532,1.224118335,1.620323273,-0.679706025,1.504584982,0.594033777,-0.521568193,1.278693616,1.53987331,-0.628647362,-0.909230214,-1.118479867,-0.658113304,-0.885186709,0.211403347,-0.57508232,-1.11768472,-0.278670425,-0.78880885,-0.695748538,-0.398988101,-0.776777143,-1.236376108,-1.110763205,-0.264336153,-0.27602854,-1.208884259,0.001597411,-1.049476177,0.20499226,-0.13574409,0.140456384,-0.788661463,-0.614198855,-0.885401697,-1.011283777,-0.949229569,-0.831657235,-0.873189069,-0.78896812,-0.832255117,-0.715004302,-0.993587942,-0.809605186,-0.858107836,-0.846512102,-0.163992787,-1.070103768,-1.10656102,0.591042993,-1.260196189,-0.775115652,-1.027403375,1.046014598,2.298447781,1.762318083,1.89821319,0.882532589,1.071490077,1.220300131,0.853060664,1.077087352,0.885587507,1.28487817
T2WI-original-shape-SurfaceVolumeRatio,1.618816233,0.245682902,-1.120870544,0.402133946,-0.046337089,-0.043303193,0.842416141,1.445918043,-0.729777088,1.433734455,-1.433228569,-0.541006177,0.144925102,-1.25468026,0.431816806,0.09899924,0.786885528,-1.167545092,1.158320876,0.484438748,0.820519129,0.922062709,0.646278946,-0.717937193,1.135963866,-0.955012951,0.60625382,1.474482074,-0.478919634,-0.103356826,-0.754707906,-0.638569623,0.908617975,-0.018408826,-0.475592645,-0.634369207,2.144087131,-1.046264817,1.94416268,-1.495165895,-2.193469241,-1.600951945,-0.937034136,0.714047902,-1.056045532,1.245718,0.948854414,0.011521258,0.373884886,0.60684385,-0.326656789,-0.050621695,0.022618298,-0.445011016,0.916262585,0.415322634,1.025281565,0.67383544,0.61492034,-2.031441049,0.815798841,-0.749889798,0.297868615,-0.743309115,0.314215607,0.595523259,-1.512492376,-0.670717903,-0.876839168,-1.735060337,-1.356451665,0.220293131,-1.07038758,0.122806866
T2WI-original-shape-Maximum2DDiameterSlice,-1.06860398,-1.161548607,0.28017463,0.85063666,2.968392911,-0.929500173,-1.317671261,1.632264941,0.189630416,-0.145310862,1.099941245,-0.600520951,-0.426893966,0.366771254,-0.707306226,1.938344322,-1.161548607,0.570986458,0.589116198,-0.987529644,1.552514063,-0.728964518,0.196922992,0.215964586,-1.06860398,-0.653729842,-0.290746627,-0.495074331,1.843222502,-0.851587052,1.027124443,-0.69445335,-0.683115475,1.12982252,1.580643522,3.127463448,-1.17167894,-0.368199634,0.183231694,-0.471230353,1.952747707,0.086126541,-0.69445335,0.635880434,-0.387164883,-0.205303336,-0.894873384,-0.756840712,-0.501402222,-1.135629758,-0.683115475,-0.472477454,-0.10450794,0.028245964,-0.975371204,0.141693201,-0.276065366,-0.505209792,0.575727056,0.183231694,-0.764261821,-0.145310862,0.904893639,-0.877076855,-0.054303321,-1.177801874,0.258951797,-0.487510367,-0.806511092,0.933783372,-0.093137135,1.68435125,1.131805297,-0.455095657
T2WI-wavelet-LLH-firstorder-Kurtosis,-0.590524126,-0.154127478,0.518258045,-0.262982144,2.405032953,-0.407553236,-0.263566184,-0.626024201,-0.064841538,-0.081244134,-0.181298568,0.382036748,1.114384798,-0.48268068,0.138023539,0.289068628,-0.458721992,1.94926526,1.575890599,-0.612021558,-0.355712751,-0.64998561,-0.673088162,-0.658583108,-0.42964569,-0.552992329,-0.675165302,-0.556686419,-0.554644634,-0.449228042,-0.382154179,-0.404000481,-0.485046508,-0.612213992,0.031648975,-0.553915508,-0.664931571,-0.581183916,-0.551857413,-0.556232177,-0.439530304,-0.553840687,-0.053920596,-0.353321117,-0.597675252,-0.037194159,-0.627941535,-0.686276734,-0.581300904,-0.350781024,-0.442457583,-0.638527759,-0.582518362,-0.541535381,-0.587151931,-0.617259393,-0.656224467,-0.287638838,-0.651487271,0.427275185,-0.672684946,-0.510899386,-0.584297961,0.32257927,0.999969167,0.679562304,1.161269528,-0.566121706,-0.119653191,3.084459959,1.660623257,2.449782032,4.286454519,2.183134793
T2WI-wavelet-LLH-glrlm-ShortRunLowGrayLevelEmphasis,1.939753962,1.178296579,0.257913694,1.833385375,-0.47128604,-0.13526719,5.024960908,0.805997401,-0.574660108,0.102423291,-0.326447654,1.360398147,0.520987827,-0.654977731,1.736517643,-0.54854373,-0.473290986,-0.489176101,-0.1852168,0.096149106,-0.655797185,-0.254069067,0.525541289,-0.471048422,-0.071145266,-0.293792231,-0.225068293,-0.292031156,-0.578859067,-0.50924345,-0.401379944,-0.517196477,-0.392066674,-0.691661347,-0.637715047,-0.555132345,1.688788823,0.121836392,-0.418545803,0.113159579,-0.514109257,-0.260626642,-0.68638711,-0.601119501,-0.52094911,-0.706833238,-0.122948098,-0.254638858,-0.252082328,0.018634109,-0.617308761,-0.153607376,-0.582803591,-0.608088147,-0.273613648,-0.328455612,0.046507254,-0.693364233,-0.531063349,-0.673305084,-0.62192333,-0.606195036,-0.651233391,2.653653938,-0.37708042,-0.113107056,-0.69660883,3.392223324,0.282917176,-0.67028731,-0.131456971,-0.644521682,0.225413425,-0.238175011
T2WI-wavelet-LLH-glrlm-ShortRunEmphasis,-0.797733635,-0.577706336,-0.797601798,-1.031892293,-1.432283415,0.345755354,-0.942790843,-0.701157613,0.006330789,-0.450745819,-0.517138734,-1.453723511,-1.494848823,0.822912511,-1.23914144,-0.302922574,0.689855744,-1.540525762,-1.50115313,0.565372941,0.878613982,1.006613354,0.617796597,0.760080275,-0.454554401,0.560161138,1.007226941,0.527953483,0.757940102,0.652529476,0.379699046,0.857160044,1.230413738,1.078576617,0.3061711,0.503928205,1.03747196,0.008788259,0.977156911,-0.084155007,0.396036289,0.188614349,0.858735301,0.529296924,0.811714423,0.903177257,0.643662831,0.770212084,0.675204859,0.876261638,0.813917978,0.576402142,0.95181918,0.766613868,0.742741871,0.892671701,0.467175831,1.010662433,1.082651769,-0.943491444,1.238857082,0.789749665,1.031917233,-2.094584053,-1.037891448,-1.156659084,-1.195792418,-1.796325446,-1.883246045,-1.664835438,-2.063575013,-0.799262479,-1.846736937,-1.475974401
T2WI-wavelet-LLH-glszm-SizeZoneNonUniformityNormalized,-1.814179295,-1.354986351,-1.596797234,-0.733147068,-0.502351526,0.21112719,-0.510638716,-1.318818673,0.921032349,0.181017017,-0.499766594,-1.760431296,-0.271753142,0.809791302,-0.966502725,-1.079061731,0.892584872,-0.474191043,-0.25481268,0.232893299,1.07939077,1.51187934,-0.348626402,0.879051841,-0.211386415,-0.514531569,0.638353335,0.405994675,0.147366177,0.496720851,-0.702281045,1.064733275,2.339200514,0.912386302,-0.619808439,-0.471619084,-0.508168263,-1.170984928,0.344708995,-1.315373713,0.067309945,-0.606146099,1.541377961,0.201795124,0.170536972,0.357585373,-0.615330291,0.470764041,-0.256259289,0.745734282,0.018820255,-0.765630131,1.126715949,0.167011884,-0.539252927,0.817995014,-0.645375689,1.199215207,1.241014063,-1.513807444,2.519916834,1.35951995,1.825113173,-1.552613592,-0.378902979,-1.897556353,-0.138180907,-0.742188683,-1.052465652,-0.320805464,-0.780488536,0.121683824,0.878661118,2.014440598
T2WI-wavelet-LLH-glszm-LargeAreaHighGrayLevelEmphasis,-0.396935981,-0.394024816,-0.141345208,-0.245872969,1.454044679,-0.379488573,-0.398962461,-0.227940373,0.127086614,-0.351837101,0.896907344,-0.24877482,-0.316354535,-0.292113941,-0.321794281,0.256097255,-0.399730836,0.950925656,0.119418922,-0.397140784,-0.308501605,-0.405504307,-0.399705084,-0.343277796,-0.341294179,-0.362245806,-0.404718799,-0.385396861,-0.298545506,-0.383149649,-0.275449823,-0.388601273,-0.408605379,-0.397828758,0.050779973,-0.134343917,-0.408589205,-0.285951992,-0.407224671,-0.232335256,0.486992774,-0.164555854,-0.366285926,-0.311037968,-0.375520059,-0.376736095,-0.39870457,-0.396934845,-0.392651285,-0.406829045,-0.381297699,-0.379788061,-0.396273881,-0.345429391,-0.396669522,-0.400030421,-0.394310697,-0.397329281,-0.401815661,4.409266893,-0.407988452,-0.338870057,-0.378664707,-0.208452217,-0.139232087,-0.311144206,1.521682893,-0.271235562,-0.048246573,5.38113111,3.307051907,1.314625986,0.352212931,-0.211149174
T2WI-wavelet-LLH-glszm-HighGrayLevelZoneEmphasis,-1.082144169,-0.882775789,-0.833869227,-1.089747472,-0.504728141,-0.474914841,-1.124006883,-1.0192453,0.300065933,-0.78305301,-0.522050708,-1.101876746,-0.923823462,1.151677473,-1.066312098,-0.017777371,0.293309592,-0.501007619,-0.810347155,-0.655159208,1.026676791,-0.08247624,-0.778493795,0.055473707,-0.827665487,-0.369099062,-0.166232622,-0.38662677,0.489980197,0.154209526,-0.143872899,0.492192944,1.058235004,2.011930786,0.649226765,0.248676593,-0.714340207,-0.794716251,0.31519031,-0.757910815,0.042060752,-0.500811806,2.703741044,0.554819589,0.33707057,2.864687282,-0.544162295,-0.399245218,-0.352861731,-0.120693923,1.026337068,-0.506080561,0.814351782,0.688665076,-0.338858423,-0.082512186,-0.653089912,3.330047048,0.710293698,0.41594974,1.570093578,0.757765097,1.445271164,-1.131874354,-0.259540212,-0.682619114,0.701972817,-1.145278193,-1.024876752,0.355974978,-0.985394972,0.299942195,-0.864817432,-0.679270918
T2WI-wavelet-LLH-glszm-LowGrayLevelZoneEmphasis,1.400395115,0.467217848,0.015259465,1.343089821,-0.259821924,-0.208257377,3.855110079,0.331890453,-0.481899722,-0.057883187,-0.360147534,1.323319343,0.478932593,-0.544938156,1.362092713,-0.441857943,-0.40843849,-0.319348489,0.001278926,-0.157605315,-0.544624627,-0.40126861,0.055277011,-0.466404734,0.158617858,-0.376476018,-0.373254604,-0.395234099,-0.518285902,-0.387794031,-0.376272851,-0.483261271,-0.458353325,-0.567256856,-0.50429163,-0.505261307,0.336445362,-0.124610742,-0.423732974,-0.099816526,-0.478553317,-0.345304276,-0.543122108,-0.489390116,-0.480418568,-0.550883898,-0.196891582,-0.362382861,-0.339499469,-0.261522332,-0.509074523,-0.306837389,-0.506147123,-0.525619359,-0.35874575,-0.419882473,-0.244461708,-0.544847273,-0.491619615,-0.456357793,-0.538210952,-0.510897748,-0.548767984,3.1833403,-0.260865848,0.253853364,-0.485691763,5.556152806,0.789045169,-0.424386519,0.641598116,-0.439863928,0.394958576,0.032492623
T2WI-wavelet-HLH-gldm-SmallDependenceEmphasis,-0.415009852,-0.689632661,-0.751369528,-0.601075648,-0.708656895,-0.444082238,-0.719059374,-0.551422246,-0.199058084,-0.195427653,-0.597050632,-0.754724696,-0.707751625,-0.807738045,-0.672843993,-0.732930211,-0.535808969,-0.825662313,-0.594832779,-0.686488708,-0.600611299,1.475104382,0.212189995,0.310391952,-0.718434614,0.416159541,0.946498843,0.026927446,-0.098021723,0.250444742,-0.783460781,1.918344808,3.448643426,1.824240852,-0.508218095,-0.431378169,0.77437396,-0.545951093,1.000047241,-0.591293929,0.219364159,-0.572643761,0.334906819,-0.220180175,0.547772968,0.337607773,-0.391169249,1.090674007,-0.007888137,-0.204041824,0.394623438,-0.214254387,1.003733359,0.702004595,0.918111527,0.434755165,-0.463429527,1.464065664,1.473692219,-0.975849651,3.890208216,0.198965423,1.148401337,-0.948361527,-0.524976322,-0.829639799,-0.7913463,-0.891944441,-0.912220064,-0.962396931,-0.971895126,-0.477257145,-0.889283953,-0.717709858
T2WI-wavelet-HLH-glcm-SumEntropy,-0.895452717,-0.885422742,-0.779270135,-0.889941894,-0.799560562,-0.410567945,-0.87297065,-0.899877681,-0.3073687,-0.623383231,-0.450640403,-0.904943525,-0.859031739,-0.804731532,-0.842983617,-0.734525311,-0.760300512,-0.854075403,-0.95400872,-0.936953976,-0.913860475,1.344231044,0.117138467,0.539659019,-0.871025983,0.717252888,1.298843192,0.097893039,0.562893408,0.018524144,-0.700382726,1.659666617,3.260442921,2.355137157,-0.450016557,-0.06721166,-0.084095446,-0.458965804,0.806526466,-0.410576106,0.762405161,-0.212450434,1.036959659,-0.281880719,1.041719183,0.403018986,-0.506789557,1.207603631,-0.075054025,-0.470818719,0.795610179,-0.086210218,1.325507745,0.490745929,0.873057947,0.809130535,-0.263330065,1.255980203,2.090642476,-0.732482105,3.144473871,0.598628317,1.316874785,-0.788976453,-0.74839137,-0.793893666,-0.616847168,-0.844749933,-0.783179486,-0.7666254,-0.807781229,-0.600649551,-0.836404239,-0.741187311
T2WI-wavelet-HHH-glcm-ClusterShade,-0.496044299,0.037421501,-0.373447857,-0.176066235,-0.22850503,1.100591764,2.367525313,0.098968022,0.604101488,1.637633398,0.221762635,-0.912803726,-0.879727961,0.182083573,1.198994781,0.722084788,-0.891403462,-1.274331823,0.414729129,-0.280255466,0.672008246,0.24772818,0.007544936,-1.057894203,-1.540081141,-0.708231958,1.713304011,1.135060199,-0.350762689,-0.70893674,0.614074315,0.656203064,2.65612356,-0.560019391,-0.180838915,-0.208170853,-1.478841339,0.282622988,-0.017252699,-0.263008188,-0.113205092,0.783804767,-0.576052461,-0.835464222,-0.331359149,-1.234606776,-1.589253323,0.145979406,0.08856413,0.522573807,-3.174052156,-0.921476634,0.156371724,-0.078643123,2.055954417,-0.533812037,0.16088977,-0.436768375,2.607307523,0.616314725,-0.783313378,-0.466849054,0.221890109,1.883709839,0.129364805,-1.07687356,-0.37061137,0.544831507,-1.040115133,0.493365736,0.379010043,-0.306563235,0.31135573,0.041766401
T2WI-original-gldm-SmallDependenceLowGrayLevelEmphasis,0.015438808,2.338083054,-0.108971649,1.426676084,-0.479098906,0.116249569,2.519675337,1.040191919,-0.97125248,1.916326589,-1.209577298,1.259711324,0.42746732,-0.531896951,3.284512102,0.199045652,0.014047456,-0.809972483,2.725894629,0.459988461,-0.653484208,-0.230551659,0.384164056,-0.392062696,0.710022117,-0.691406215,0.689068293,0.394100029,-0.750967491,-0.58534293,-0.491834207,0.153687757,0.737638999,-0.630224679,-0.491993633,-0.517237458,2.211130311,-0.720137798,0.662639005,-0.86503318,-1.229609097,-0.664340503,-0.684339052,-0.834860797,-0.797343749,-0.495300224,-0.580523073,0.217423941,-0.401482028,0.123373853,-0.271429862,-0.03061391,-0.115982117,-0.253767283,0.240535555,-0.813861362,0.837194816,0.126803637,-0.579579733,-0.623985336,-0.245069204,-0.752957329,-0.589570695,-0.838190408,-0.364477359,-0.326836692,-1.06879331,-0.36180506,-0.402957781,-1.069436128,-0.901079163,-0.297066284,-0.824816125,0.27818901
T2WI-wavelet-HHH-firstorder-Skewness,0.047775528,-0.21770476,-0.03854155,-0.266908911,0.216212556,-0.365239142,0.911526783,0.236186169,-0.57894283,0.347730168,-0.230700376,-0.335073299,-0.142633209,-0.227627586,0.676868,0.210190949,1.152857882,-0.461588436,-0.150327254,0.439467423,-0.246284156,0.079572679,-0.124202919,-0.091137084,0.233542922,0.024509457,-0.231464912,0.725076819,-0.08288547,-1.341531446,-0.23329977,1.340597337,3.069883885,0.033835908,0.252318047,0.070503888,0.50950284,0.446557905,-0.003567622,0.38399394,0.084352802,-0.048848159,-1.484409766,-0.157422369,-0.252398809,1.390735307,-0.773576729,0.118650984,-1.506399564,-2.920470264,-0.449572732,-0.782469859,0.882128401,-0.28262124,-0.351778044,-0.187898876,-0.51055379,0.256492068,0.167276849,-0.368902791,-1.520448172,-0.517166042,-0.228628276,3.566406532,0.257676549,0.462114854,0.307643925,-0.550382203,0.949732025,0.537061817,-0.53776364,0.286376217,-4.295534259,0.362164848
T2WI-wavelet-HHH-glrlm-LongRunLowGrayLevelEmphasis,-0.049180373,-0.234840168,-1.809896937,-0.214027713,0.036487289,0.520139147,-0.331353177,-0.318329432,-2.372340045,-2.040327255,0.37142846,-0.028482323,0.018276225,0.63511167,0.018717721,-1.972060814,-0.152100523,-1.832744066,-0.323480293,0.046055704,-0.172825417,0.261084955,0.158849831,0.771199878,0.085062611,0.844654215,0.455016491,0.13467553,0.714042204,0.268068334,1.002635984,0.602358898,-1.906193627,0.494285505,0.621741387,0.914950526,0.109563308,1.007246978,-0.029801678,0.905183587,1.225463615,1.173890673,0.814950571,-1.886811547,-1.732100816,0.218900102,0.400352148,0.45784266,0.311017962,0.215085059,0.608465363,0.373697819,0.478393272,0.499873973,0.294254963,0.474648226,0.202041906,0.299802966,0.40982087,1.784149843,-1.954136805,0.946560518,0.491652329,1.054411255,-1.892798999,0.182903973,-1.678417798,0.712403749,1.052777957,1.193617192,1.286148125,-1.836959295,-1.669968303,0.484047097
T2WI-wavelet-HHH-glrlm-RunEntropy,-1.717949415,-1.174067157,0.425607183,-1.056376419,-0.472029928,0.713317516,-1.707663876,-1.701228643,0.668398031,-1.425423323,0.478011351,-0.480905024,-0.856211902,0.349342114,-0.88946703,-0.713795382,-1.552007308,0.48276427,-1.672566264,-0.966166232,-1.389233246,-0.284157282,-0.513270416,1.096647293,-0.762267165,1.193977104,-0.012596129,-0.427587172,0.711270649,-0.54226165,1.591630134,0.180514163,-0.410947312,0.195091893,0.449754924,1.323476476,-1.632982894,1.217689283,-1.068715099,1.19280901,1.368442604,1.70302367,0.98809542,-0.031422968,1.199445513,-0.086641902,0.25652663,-0.01759234,-0.341681705,-0.190067616,0.983758492,0.053310728,0.317099491,0.293980907,-0.737237499,0.289776175,-0.684980818,-0.730548371,0.187323502,3.276606394,-0.678805014,1.620407559,0.27710402,1.131541428,-0.545261966,-0.886466013,1.151416472,0.099620987,0.755880658,0.97487363,0.842790595,-0.120324695,0.484945035,-0.289550137
T2WI-wavelet-HHH-glszm-SmallAreaEmphasis,0.537874622,-1.714315168,0.787241546,0.70980206,0.078097985,-0.046034523,-1.71429675,-0.355946026,1.634982828,0.805982779,0.083199824,0.255182711,-1.45973813,0.935309892,-0.602487681,0.858796297,-1.714309813,0.010078204,0.349707905,-0.046031806,0.913004851,0.952330921,-0.877782486,1.029094895,-1.297249035,1.517984796,0.381133929,1.162701051,-0.152778159,-1.29724938,0.536795012,-0.413060062,0.788118139,0.608705373,-0.44892464,-0.38067479,-1.088681654,-0.868969136,-0.150298201,-1.714326485,1.064225238,-1.383043299,-1.297253219,0.529609951,1.622253019,-0.410974698,-1.71431692,-0.212864247,0.255183297,-0.046022331,-0.370426164,0.255182596,0.491371889,-0.456382936,1.28859694,-1.604801297,0.139329497,0.788109906,0.886568156,1.483228592,1.860581328,0.915527555,0.50701665,0.537865073,0.719561555,-1.667977907,1.129349773,-1.714325348,-1.714325518,-0.880465546,-0.04603689,0.796062193,0.098779872,-1.497099544
T2WI-wavelet-LLL-glcm-Imc1,-0.992914689,-0.048197892,0.302791047,0.416929969,0.099540736,1.404334959,-0.055191588,0.242178315,-0.985222771,2.472098555,0.494643535,-1.397716779,0.56038995,0.542385581,1.381899057,0.728375001,-1.659228569,0.538647753,-0.245200492,0.406810649,0.537518623,0.400003235,0.556905982,-0.40959321,0.301572386,0.622136527,-0.542936843,-0.33224781,0.060248134,-0.481863492,0.470461758,0.792759128,-5.526595482,0.183363347,0.549411592,-0.506564897,0.453089162,0.081605319,-0.781951882,-1.486676609,0.767830335,-0.323545047,-0.105697647,-0.099088988,-1.098367669,-0.094468818,-0.643190895,-0.674265738,0.569435341,-0.755456446,0.876642932,0.332227716,1.042607424,0.810618127,0.331805305,0.080350045,0.196770408,0.115581639,0.430248187,-1.725530463,0.137659761,1.015118849,0.289066085,-0.698315994,0.247874722,-0.160219996,-0.099656696,0.922487861,-0.066142665,-0.1382386,0.29470675,1.30268257,0.055051661,-0.457901244
